sales_month,drug_code,drug_name,region,units_sold,revenue_usd
2024-01-01,MRK-1001,Cardiozin,North America,50212,1683096.21
2024-01-01,MRK-1001,Cardiozin,EMEA,44124,8119615.82
2024-01-01,MRK-1001,Cardiozin,APAC,19792,1163503.66
2024-01-01,MRK-1001,Cardiozin,Latin America,52491,4702245.57
2024-01-01,MRK-1002,Oncavera,North America,32292,3430264.02
2024-01-01,MRK-1002,Oncavera,EMEA,24398,2385027.58
2024-01-01,MRK-1002,Oncavera,APAC,30963,6647281.64
2024-01-01,MRK-1002,Oncavera,Latin America,39835,8143549.07
2024-01-01,MRK-1003,Immunext,North America,33520,757794.22
2024-01-01,MRK-1003,Immunext,EMEA,39144,6469607.63
2024-01-01,MRK-1003,Immunext,APAC,16802,242934.99
2024-01-01,MRK-1003,Immunext,Latin America,26630,4003707.17
2024-01-01,MRK-1004,Glucostat,North America,19079,2951600.16
2024-01-01,MRK-1004,Glucostat,EMEA,26024,4119404.92
2024-01-01,MRK-1004,Glucostat,APAC,10505,305033.11
2024-01-01,MRK-1004,Glucostat,Latin America,22113,3117527.06
2024-01-01,MRK-1005,Neuroplex,North America,35575,7119595.11
2024-01-01,MRK-1005,Neuroplex,EMEA,42423,2882995.98
2024-01-01,MRK-1005,Neuroplex,APAC,52774,7811722.71
2024-01-01,MRK-1005,Neuroplex,Latin America,33100,4803497.51
2024-01-01,MRK-1006,Vaxishield,North America,39612,3122556.54
2024-01-01,MRK-1006,Vaxishield,EMEA,41713,6991872.47
2024-01-01,MRK-1006,Vaxishield,APAC,53552,2502787.25
2024-01-01,MRK-1006,Vaxishield,Latin America,46074,7052357.13
2024-01-01,MRK-1007,Pulmocare,North America,58589,3846153.73
2024-01-01,MRK-1007,Pulmocare,EMEA,12200,860177.78
2024-01-01,MRK-1007,Pulmocare,APAC,14963,1266440.78
2024-01-01,MRK-1007,Pulmocare,Latin America,39309,2856896.0
2024-01-01,MRK-1008,Dermalyx,North America,67453,10349067.99
2024-01-01,MRK-1008,Dermalyx,EMEA,19484,1199784.5
2024-01-01,MRK-1008,Dermalyx,APAC,54465,9346677.4
2024-01-01,MRK-1008,Dermalyx,Latin America,66336,6642869.11
2024-01-01,MRK-1001,Cardiozin,North America,62247,8171360.94
2024-01-01,MRK-1001,Cardiozin,EMEA,53081,5575418.24
2024-01-01,MRK-1001,Cardiozin,APAC,58595,8942792.46
2024-01-01,MRK-1001,Cardiozin,Latin America,8187,1524389.88
2024-01-01,MRK-1002,Oncavera,North America,39213,6724987.49
2024-01-01,MRK-1002,Oncavera,EMEA,42456,3169134.71
2024-01-01,MRK-1002,Oncavera,APAC,34054,4098763.89
2024-01-01,MRK-1002,Oncavera,Latin America,35573,4246417.33
2024-01-01,MRK-1003,Immunext,North America,23123,3106621.27
2024-01-01,MRK-1003,Immunext,EMEA,10401,582240.58
2024-01-01,MRK-1003,Immunext,APAC,33744,3937576.48
2024-01-01,MRK-1003,Immunext,Latin America,51736,1106509.62
2024-01-01,MRK-1004,Glucostat,North America,24205,1627324.58
2024-01-01,MRK-1004,Glucostat,EMEA,42510,5616941.22
2024-01-01,MRK-1004,Glucostat,APAC,20034,1317333.82
2024-01-01,MRK-1004,Glucostat,Latin America,31788,1342543.4
2024-01-01,MRK-1005,Neuroplex,North America,46958,1630865.72
2024-01-01,MRK-1005,Neuroplex,EMEA,15962,2487305.54
2024-01-01,MRK-1005,Neuroplex,APAC,47833,5728492.59
2024-01-01,MRK-1005,Neuroplex,Latin America,14093,2989537.54
2024-01-01,MRK-1006,Vaxishield,North America,49566,4969115.64
2024-01-01,MRK-1006,Vaxishield,EMEA,45461,6865015.76
2024-01-01,MRK-1006,Vaxishield,APAC,51432,2996092.99
2024-01-01,MRK-1006,Vaxishield,Latin America,21999,1897389.5
2024-01-01,MRK-1007,Pulmocare,North America,16445,1907893.98
2024-01-01,MRK-1007,Pulmocare,EMEA,47791,5086091.94
2024-01-01,MRK-1007,Pulmocare,APAC,54820,3793524.25
2024-01-01,MRK-1007,Pulmocare,Latin America,49571,680577.01
2024-01-01,MRK-1008,Dermalyx,North America,20099,859065.74
2024-01-01,MRK-1008,Dermalyx,EMEA,28707,1269181.35
2024-01-01,MRK-1008,Dermalyx,APAC,42819,6416047.8
2024-01-01,MRK-1008,Dermalyx,Latin America,27267,5156869.66
2024-03-01,MRK-1001,Cardiozin,North America,18401,3369375.46
2024-03-01,MRK-1001,Cardiozin,EMEA,41757,8503763.32
2024-03-01,MRK-1001,Cardiozin,APAC,15572,2513296.22
2024-03-01,MRK-1001,Cardiozin,Latin America,11389,2159399.44
2024-03-01,MRK-1002,Oncavera,North America,44307,9487125.77
2024-03-01,MRK-1002,Oncavera,EMEA,54023,6714255.91
2024-03-01,MRK-1002,Oncavera,APAC,34296,446648.2
2024-03-01,MRK-1002,Oncavera,Latin America,22873,4725078.75
2024-03-01,MRK-1003,Immunext,North America,47063,7623269.65
2024-03-01,MRK-1003,Immunext,EMEA,62030,6865694.91
2024-03-01,MRK-1003,Immunext,APAC,22542,648435.17
2024-03-01,MRK-1003,Immunext,Latin America,38908,1949197.36
2024-03-01,MRK-1004,Glucostat,North America,11040,1989450.09
2024-03-01,MRK-1004,Glucostat,EMEA,17380,2455288.42
2024-03-01,MRK-1004,Glucostat,APAC,41858,4385502.85
2024-03-01,MRK-1004,Glucostat,Latin America,42684,6013837.93
2024-03-01,MRK-1005,Neuroplex,North America,52890,7440625.59
2024-03-01,MRK-1005,Neuroplex,EMEA,46707,5658329.83
2024-03-01,MRK-1005,Neuroplex,APAC,35120,2563210.86
2024-03-01,MRK-1005,Neuroplex,Latin America,24707,4836725.14
2024-03-01,MRK-1006,Vaxishield,North America,14126,861754.25
2024-03-01,MRK-1006,Vaxishield,EMEA,42721,8742874.45
2024-03-01,MRK-1006,Vaxishield,APAC,42929,9365129.54
2024-03-01,MRK-1006,Vaxishield,Latin America,42212,9240289.7
2024-03-01,MRK-1007,Pulmocare,North America,62697,5033628.47
2024-03-01,MRK-1007,Pulmocare,EMEA,21471,3363194.52
2024-03-01,MRK-1007,Pulmocare,APAC,12109,2633431.51
2024-03-01,MRK-1007,Pulmocare,Latin America,26197,2367957.17
2024-03-01,MRK-1008,Dermalyx,North America,45929,811142.67
2024-03-01,MRK-1008,Dermalyx,EMEA,24608,4602427.66
2024-03-01,MRK-1008,Dermalyx,APAC,62852,4605671.43
2024-03-01,MRK-1008,Dermalyx,Latin America,38436,6207549.44
2024-03-01,MRK-1001,Cardiozin,North America,38940,1429733.37
2024-03-01,MRK-1001,Cardiozin,EMEA,37692,3663459.55
2024-03-01,MRK-1001,Cardiozin,APAC,19725,3130203.78
2024-03-01,MRK-1001,Cardiozin,Latin America,26887,5175875.64
2024-03-01,MRK-1002,Oncavera,North America,35733,638561.47
2024-03-01,MRK-1002,Oncavera,EMEA,50245,3239959.58
2024-03-01,MRK-1002,Oncavera,APAC,26360,5622653.51
2024-03-01,MRK-1002,Oncavera,Latin America,9694,381114.68
2024-03-01,MRK-1003,Immunext,North America,47184,9632663.56
2024-03-01,MRK-1003,Immunext,EMEA,11299,636601.52
2024-03-01,MRK-1003,Immunext,APAC,54829,2668103.22
2024-03-01,MRK-1003,Immunext,Latin America,60358,9706679.51
2024-03-01,MRK-1004,Glucostat,North America,14895,1842128.81
2024-03-01,MRK-1004,Glucostat,EMEA,20700,1472347.8
2024-03-01,MRK-1004,Glucostat,APAC,32778,3245707.72
2024-03-01,MRK-1004,Glucostat,Latin America,17637,688763.07
2024-03-01,MRK-1005,Neuroplex,North America,40695,6401076.45
2024-03-01,MRK-1005,Neuroplex,EMEA,21520,2754149.78
2024-03-01,MRK-1005,Neuroplex,APAC,61437,10934116.74
2024-03-01,MRK-1005,Neuroplex,Latin America,42289,1189819.9
2024-03-01,MRK-1006,Vaxishield,North America,31216,2625799.53
2024-03-01,MRK-1006,Vaxishield,EMEA,35198,4182531.97
2024-03-01,MRK-1006,Vaxishield,APAC,32083,3274575.4
2024-03-01,MRK-1006,Vaxishield,Latin America,31144,891347.93
2024-03-01,MRK-1007,Pulmocare,North America,22717,3242251.63
2024-03-01,MRK-1007,Pulmocare,EMEA,45813,2227074.48
2024-03-01,MRK-1007,Pulmocare,APAC,18326,3707221.55
2024-03-01,MRK-1007,Pulmocare,Latin America,46711,4264478.5
2024-03-01,MRK-1008,Dermalyx,North America,31458,5835763.21
2024-03-01,MRK-1008,Dermalyx,EMEA,37090,4991611.01
2024-03-01,MRK-1008,Dermalyx,APAC,48308,8228079.79
2024-03-01,MRK-1008,Dermalyx,Latin America,39420,7775072.81
2024-04-01,MRK-1001,Cardiozin,North America,53789,11723360.0
2024-04-01,MRK-1001,Cardiozin,EMEA,11138,894319.27
2024-04-01,MRK-1001,Cardiozin,APAC,12437,1882073.28
2024-04-01,MRK-1001,Cardiozin,Latin America,22839,4143318.65
2024-04-01,MRK-1002,Oncavera,North America,42180,1306041.95
2024-04-01,MRK-1002,Oncavera,EMEA,22180,1233174.76
2024-04-01,MRK-1002,Oncavera,APAC,8920,492927.35
2024-04-01,MRK-1002,Oncavera,Latin America,35317,4265392.73
2024-04-01,MRK-1003,Immunext,North America,20373,3582200.7
2024-04-01,MRK-1003,Immunext,EMEA,70367,7877605.12
2024-04-01,MRK-1003,Immunext,APAC,38021,7927612.08
2024-04-01,MRK-1003,Immunext,Latin America,68309,5621026.4
2024-04-01,MRK-1004,Glucostat,North America,46203,5001744.23
2024-04-01,MRK-1004,Glucostat,EMEA,10421,1690849.43
2024-04-01,MRK-1004,Glucostat,APAC,40210,8795527.52
2024-04-01,MRK-1004,Glucostat,Latin America,48639,2875115.13
2024-04-01,MRK-1005,Neuroplex,North America,13456,2838816.41
2024-04-01,MRK-1005,Neuroplex,EMEA,18543,2790616.19
2024-04-01,MRK-1005,Neuroplex,APAC,22601,1521491.1
2024-04-01,MRK-1005,Neuroplex,Latin America,65231,11050334.13
2024-04-01,MRK-1006,Vaxishield,North America,67222,5956060.57
2024-04-01,MRK-1006,Vaxishield,EMEA,36147,1738118.59
2024-04-01,MRK-1006,Vaxishield,APAC,20420,3892581.0
2024-04-01,MRK-1006,Vaxishield,Latin America,45486,5273592.3
2024-04-01,MRK-1007,Pulmocare,North America,12079,285480.05
2024-04-01,MRK-1007,Pulmocare,EMEA,31363,3838644.03
2024-04-01,MRK-1007,Pulmocare,APAC,44971,2581847.84
2024-04-01,MRK-1007,Pulmocare,Latin America,72778,7871282.2
2024-04-01,MRK-1008,Dermalyx,North America,60796,11161060.27
2024-04-01,MRK-1008,Dermalyx,EMEA,30079,5465037.26
2024-04-01,MRK-1008,Dermalyx,APAC,11320,870868.79
2024-04-01,MRK-1008,Dermalyx,Latin America,24230,501217.76
2024-05-01,MRK-1001,Cardiozin,North America,21432,1733034.7
2024-05-01,MRK-1001,Cardiozin,EMEA,37045,4460631.89
2024-05-01,MRK-1001,Cardiozin,APAC,64214,9905529.5
2024-05-01,MRK-1001,Cardiozin,Latin America,47851,9456008.23
2024-05-01,MRK-1002,Oncavera,North America,64564,1294180.43
2024-05-01,MRK-1002,Oncavera,EMEA,34641,3850299.8
2024-05-01,MRK-1002,Oncavera,APAC,14222,1234675.87
2024-05-01,MRK-1002,Oncavera,Latin America,56939,9972476.67
2024-05-01,MRK-1003,Immunext,North America,52468,5652315.88
2024-05-01,MRK-1003,Immunext,EMEA,66998,14551354.98
2024-05-01,MRK-1003,Immunext,APAC,50918,718611.56
2024-05-01,MRK-1003,Immunext,Latin America,33365,3973739.72
2024-05-01,MRK-1004,Glucostat,North America,31891,5332003.1
2024-05-01,MRK-1004,Glucostat,EMEA,62166,3697567.27
2024-05-01,MRK-1004,Glucostat,APAC,19902,2820287.2
2024-05-01,MRK-1004,Glucostat,Latin America,51709,2374024.29
2024-05-01,MRK-1005,Neuroplex,North America,33513,2857581.44
2024-05-01,MRK-1005,Neuroplex,EMEA,58715,6050127.53
2024-05-01,MRK-1005,Neuroplex,APAC,34015,6713298.06
2024-05-01,MRK-1005,Neuroplex,Latin America,49670,3300484.13
2024-05-01,MRK-1006,Vaxishield,North America,49332,7543738.29
2024-05-01,MRK-1006,Vaxishield,EMEA,19232,1917875.2
2024-05-01,MRK-1006,Vaxishield,APAC,33598,571103.0
2024-05-01,MRK-1006,Vaxishield,Latin America,33081,1816690.36
2024-05-01,MRK-1007,Pulmocare,North America,53801,1173791.64
2024-05-01,MRK-1007,Pulmocare,EMEA,29726,3917633.86
2024-05-01,MRK-1007,Pulmocare,APAC,15029,934734.17
2024-05-01,MRK-1007,Pulmocare,Latin America,51458,1592749.7
2024-05-01,MRK-1008,Dermalyx,North America,20947,2622873.66
2024-05-01,MRK-1008,Dermalyx,EMEA,36923,4664945.88
2024-05-01,MRK-1008,Dermalyx,APAC,42433,7349931.2
2024-05-01,MRK-1008,Dermalyx,Latin America,42297,6434261.02
2024-06-01,MRK-1001,Cardiozin,North America,41329,7533068.77
2024-06-01,MRK-1001,Cardiozin,EMEA,27397,5102490.71
2024-06-01,MRK-1001,Cardiozin,APAC,35702,3832392.41
2024-06-01,MRK-1001,Cardiozin,Latin America,51638,5451380.86
2024-06-01,MRK-1002,Oncavera,North America,59731,6441864.03
2024-06-01,MRK-1002,Oncavera,EMEA,43178,3803523.23
2024-06-01,MRK-1002,Oncavera,APAC,54349,4813305.29
2024-06-01,MRK-1002,Oncavera,Latin America,55632,8394838.87
2024-06-01,MRK-1003,Immunext,North America,43232,3581785.6
2024-06-01,MRK-1003,Immunext,EMEA,49255,4390469.54
2024-06-01,MRK-1003,Immunext,APAC,33324,2647115.6
2024-06-01,MRK-1003,Immunext,Latin America,63215,9031671.84
2024-06-01,MRK-1004,Glucostat,North America,55319,7930564.04
2024-06-01,MRK-1004,Glucostat,EMEA,31007,3686756.59
2024-06-01,MRK-1004,Glucostat,APAC,33923,6740319.81
2024-06-01,MRK-1004,Glucostat,Latin America,56723,4750812.29
2024-06-01,MRK-1005,Neuroplex,North America,29176,1144987.13
2024-06-01,MRK-1005,Neuroplex,EMEA,40389,1689461.09
2024-06-01,MRK-1005,Neuroplex,APAC,48534,9609624.03
2024-06-01,MRK-1005,Neuroplex,Latin America,62004,13338022.77
2024-06-01,MRK-1006,Vaxishield,North America,59184,1624933.96
2024-06-01,MRK-1006,Vaxishield,EMEA,17039,3300838.91
2024-06-01,MRK-1006,Vaxishield,APAC,64174,3239156.97
2024-06-01,MRK-1006,Vaxishield,Latin America,34833,3978507.33
2024-06-01,MRK-1007,Pulmocare,North America,35070,1507275.5
2024-06-01,MRK-1007,Pulmocare,EMEA,13235,2332196.7
2024-06-01,MRK-1007,Pulmocare,APAC,46680,6683661.63
2024-06-01,MRK-1007,Pulmocare,Latin America,30967,3355327.59
2024-06-01,MRK-1008,Dermalyx,North America,54618,9455409.21
2024-06-01,MRK-1008,Dermalyx,EMEA,11912,610120.64
2024-06-01,MRK-1008,Dermalyx,APAC,64263,12243036.71
2024-06-01,MRK-1008,Dermalyx,Latin America,14384,2523542.94
2024-07-01,MRK-1001,Cardiozin,North America,33216,6464999.24
2024-07-01,MRK-1001,Cardiozin,EMEA,61284,9686792.92
2024-07-01,MRK-1001,Cardiozin,APAC,69944,7189800.06
2024-07-01,MRK-1001,Cardiozin,Latin America,64875,1076069.61
2024-07-01,MRK-1002,Oncavera,North America,21031,3739755.96
2024-07-01,MRK-1002,Oncavera,EMEA,45036,8982208.29
2024-07-01,MRK-1002,Oncavera,APAC,57168,2645239.03
2024-07-01,MRK-1002,Oncavera,Latin America,33261,4432456.44
2024-07-01,MRK-1003,Immunext,North America,9864,697593.22
2024-07-01,MRK-1003,Immunext,EMEA,60955,12308302.83
2024-07-01,MRK-1003,Immunext,APAC,51970,3181951.61
2024-07-01,MRK-1003,Immunext,Latin America,29013,2802085.69
2024-07-01,MRK-1004,Glucostat,North America,47852,1439759.62
2024-07-01,MRK-1004,Glucostat,EMEA,20508,1116062.64
2024-07-01,MRK-1004,Glucostat,APAC,61120,13159012.64
2024-07-01,MRK-1004,Glucostat,Latin America,44216,7060892.28
2024-07-01,MRK-1005,Neuroplex,North America,24522,1387516.74
2024-07-01,MRK-1005,Neuroplex,EMEA,61404,6259542.88
2024-07-01,MRK-1005,Neuroplex,APAC,40187,4055830.59
2024-07-01,MRK-1005,Neuroplex,Latin America,22874,2622785.77
2024-07-01,MRK-1006,Vaxishield,North America,17900,646596.39
2024-07-01,MRK-1006,Vaxishield,EMEA,9986,1725986.2
2024-07-01,MRK-1006,Vaxishield,APAC,64601,10285246.82
2024-07-01,MRK-1006,Vaxishield,Latin America,26394,533215.91
2024-07-01,MRK-1007,Pulmocare,North America,30538,3926593.11
2024-07-01,MRK-1007,Pulmocare,EMEA,44396,9312678.11
2024-07-01,MRK-1007,Pulmocare,APAC,44016,6430859.61
2024-07-01,MRK-1007,Pulmocare,Latin America,56803,5169527.33
2024-07-01,MRK-1008,Dermalyx,North America,35827,1605727.57
2024-07-01,MRK-1008,Dermalyx,EMEA,46865,1612156.86
2024-07-01,MRK-1008,Dermalyx,APAC,55542,1083561.77
2024-07-01,MRK-1008,Dermalyx,Latin America,54182,3095271.3
2024-08-01,MRK-1001,Cardiozin,North America,50367,8221329.44
2024-08-01,MRK-1001,Cardiozin,EMEA,17819,1853031.34
2024-08-01,MRK-1001,Cardiozin,APAC,61522,6254076.23
2024-08-01,MRK-1001,Cardiozin,Latin America,44954,5112333.84
2024-08-01,MRK-1002,Oncavera,North America,74473,14525151.49
2024-08-01,MRK-1002,Oncavera,EMEA,54152,1608088.95
2024-08-01,MRK-1002,Oncavera,APAC,29292,4560254.45
2024-08-01,MRK-1002,Oncavera,Latin America,18697,2629231.51
2024-08-01,MRK-1003,Immunext,North America,79550,13575013.21
2024-08-01,MRK-1003,Immunext,EMEA,32331,5856217.94
2024-08-01,MRK-1003,Immunext,APAC,24160,3919061.45
2024-08-01,MRK-1003,Immunext,Latin America,12242,2090885.01
2024-08-01,MRK-1004,Glucostat,North America,35193,7396110.26
2024-08-01,MRK-1004,Glucostat,EMEA,35439,3593880.49
2024-08-01,MRK-1004,Glucostat,APAC,17593,1148280.56
2024-08-01,MRK-1004,Glucostat,Latin America,69850,6516644.04
2024-08-01,MRK-1005,Neuroplex,North America,56567,6513902.14
2024-08-01,MRK-1005,Neuroplex,EMEA,61310,2693175.9
2024-08-01,MRK-1005,Neuroplex,APAC,64101,6892133.13
2024-08-01,MRK-1005,Neuroplex,Latin America,35685,6038892.22
2024-08-01,MRK-1006,Vaxishield,North America,36697,639565.46
2024-08-01,MRK-1006,Vaxishield,EMEA,43832,9275449.64
2024-08-01,MRK-1006,Vaxishield,APAC,15503,485352.07
2024-08-01,MRK-1006,Vaxishield,Latin America,70570,11772872.85
2024-08-01,MRK-1007,Pulmocare,North America,36814,6342057.82
2024-08-01,MRK-1007,Pulmocare,EMEA,46213,9941487.46
2024-08-01,MRK-1007,Pulmocare,APAC,27548,4683599.89
2024-08-01,MRK-1007,Pulmocare,Latin America,39878,7609537.53
2024-08-01,MRK-1008,Dermalyx,North America,38799,3685089.26
2024-08-01,MRK-1008,Dermalyx,EMEA,10445,875677.01
2024-08-01,MRK-1008,Dermalyx,APAC,42165,8522029.43
2024-08-01,MRK-1008,Dermalyx,Latin America,44801,4239085.3
2024-09-01,MRK-1001,Cardiozin,North America,68667,2779665.03
2024-09-01,MRK-1001,Cardiozin,EMEA,29197,4540849.75
2024-09-01,MRK-1001,Cardiozin,APAC,42427,1463042.05
2024-09-01,MRK-1001,Cardiozin,Latin America,54042,9852330.98
2024-09-01,MRK-1002,Oncavera,North America,60502,6961317.9
2024-09-01,MRK-1002,Oncavera,EMEA,35406,5255687.42
2024-09-01,MRK-1002,Oncavera,APAC,25880,1654420.71
2024-09-01,MRK-1002,Oncavera,Latin America,24541,4604653.5
2024-09-01,MRK-1003,Immunext,North America,45750,3762032.1
2024-09-01,MRK-1003,Immunext,EMEA,49218,3591719.89
2024-09-01,MRK-1003,Immunext,APAC,58790,9185691.93
2024-09-01,MRK-1003,Immunext,Latin America,60139,11670363.06
2024-09-01,MRK-1004,Glucostat,North America,42274,3453413.11
2024-09-01,MRK-1004,Glucostat,EMEA,59490,6812830.57
2024-09-01,MRK-1004,Glucostat,APAC,31715,6405590.05
2024-09-01,MRK-1004,Glucostat,Latin America,23061,3566764.67
2024-09-01,MRK-1005,Neuroplex,North America,37087,6174260.84
2024-09-01,MRK-1005,Neuroplex,EMEA,17841,999223.96
2024-09-01,MRK-1005,Neuroplex,APAC,59966,12628935.16
2024-09-01,MRK-1005,Neuroplex,Latin America,29031,5899746.15
2024-09-01,MRK-1006,Vaxishield,North America,22953,3991145.28
2024-09-01,MRK-1006,Vaxishield,EMEA,45187,5642658.1
2024-09-01,MRK-1006,Vaxishield,APAC,59764,9548518.97
2024-09-01,MRK-1006,Vaxishield,Latin America,49439,9243465.46
2024-09-01,MRK-1007,Pulmocare,North America,26156,3207586.89
2024-09-01,MRK-1007,Pulmocare,EMEA,55817,3402616.53
2024-09-01,MRK-1007,Pulmocare,APAC,35799,4293281.73
2024-09-01,MRK-1007,Pulmocare,Latin America,30616,3661374.09
2024-09-01,MRK-1008,Dermalyx,North America,70992,4776042.27
2024-09-01,MRK-1008,Dermalyx,EMEA,47162,8087272.68
2024-09-01,MRK-1008,Dermalyx,APAC,36909,2193164.88
2024-09-01,MRK-1008,Dermalyx,Latin America,36659,7228215.54
2024-10-01,MRK-1001,Cardiozin,North America,49992,4755451.86
2024-10-01,MRK-1001,Cardiozin,EMEA,34541,4102925.14
2024-10-01,MRK-1001,Cardiozin,APAC,15571,546057.74
2024-10-01,MRK-1001,Cardiozin,Latin America,32944,5872091.42
2024-10-01,MRK-1002,Oncavera,North America,23405,2929426.6
2024-10-01,MRK-1002,Oncavera,EMEA,71781,4059113.92
2024-10-01,MRK-1002,Oncavera,APAC,14890,403814.79
2024-10-01,MRK-1002,Oncavera,Latin America,19718,654860.71
2024-10-01,MRK-1003,Immunext,North America,11995,2288976.01
2024-10-01,MRK-1003,Immunext,EMEA,17894,547194.94
2024-10-01,MRK-1003,Immunext,APAC,43678,7324419.38
2024-10-01,MRK-1003,Immunext,Latin America,31604,2625425.96
2024-10-01,MRK-1004,Glucostat,North America,33759,3066986.21
2024-10-01,MRK-1004,Glucostat,EMEA,29457,1428475.63
2024-10-01,MRK-1004,Glucostat,APAC,29002,2638983.88
2024-10-01,MRK-1004,Glucostat,Latin America,78611,16819532.22
2024-10-01,MRK-1005,Neuroplex,North America,57874,6136497.19
2024-10-01,MRK-1005,Neuroplex,EMEA,13889,739841.42
2024-10-01,MRK-1005,Neuroplex,APAC,72108,4955244.18
2024-10-01,MRK-1005,Neuroplex,Latin America,34496,7530857.17
2024-10-01,MRK-1006,Vaxishield,North America,42651,6496172.69
2024-10-01,MRK-1006,Vaxishield,EMEA,13279,183838.13
2024-10-01,MRK-1006,Vaxishield,APAC,19388,606551.51
2024-10-01,MRK-1006,Vaxishield,Latin America,70570,15223285.92
2024-10-01,MRK-1007,Pulmocare,North America,65192,2814068.09
2024-10-01,MRK-1007,Pulmocare,EMEA,47904,4325381.95
2024-10-01,MRK-1007,Pulmocare,APAC,32381,5015613.41
2024-10-01,MRK-1007,Pulmocare,Latin America,66332,12623379.95
2024-10-01,MRK-1008,Dermalyx,North America,52418,8738021.92
2024-10-01,MRK-1008,Dermalyx,EMEA,45353,8070622.79
2024-10-01,MRK-1008,Dermalyx,APAC,36520,5437426.33
2024-10-01,MRK-1008,Dermalyx,Latin America,63422,5046334.68
2024-11-01,MRK-1001,Cardiozin,North America,49966,822791.3
2024-11-01,MRK-1001,Cardiozin,EMEA,28399,1868559.16
2024-11-01,MRK-1001,Cardiozin,APAC,65192,8560103.39
2024-11-01,MRK-1001,Cardiozin,Latin America,38826,733595.3
2024-11-01,MRK-1002,Oncavera,North America,22753,2222229.94
2024-11-01,MRK-1002,Oncavera,EMEA,33413,6350994.94
2024-11-01,MRK-1002,Oncavera,APAC,12584,780635.87
2024-11-01,MRK-1002,Oncavera,Latin America,67987,4377719.42
2024-11-01,MRK-1003,Immunext,North America,66878,14173537.89
2024-11-01,MRK-1003,Immunext,EMEA,14119,215228.8
2024-11-01,MRK-1003,Immunext,APAC,49188,10084235.09
2024-11-01,MRK-1003,Immunext,Latin America,61486,8109483.09
2024-11-01,MRK-1004,Glucostat,North America,22669,1709587.93
2024-11-01,MRK-1004,Glucostat,EMEA,35730,2324496.35
2024-11-01,MRK-1004,Glucostat,APAC,43569,4399219.79
2024-11-01,MRK-1004,Glucostat,Latin America,20432,3795117.84
2024-11-01,MRK-1005,Neuroplex,North America,82722,12980194.05
2024-11-01,MRK-1005,Neuroplex,EMEA,74846,15986415.87
2024-11-01,MRK-1005,Neuroplex,APAC,23053,2552597.31
2024-11-01,MRK-1005,Neuroplex,Latin America,9674,2062338.65
2024-11-01,MRK-1006,Vaxishield,North America,63217,12448102.12
2024-11-01,MRK-1006,Vaxishield,EMEA,77644,14890839.0
2024-11-01,MRK-1006,Vaxishield,APAC,49169,2683461.27
2024-11-01,MRK-1006,Vaxishield,Latin America,54710,8192872.34
2024-11-01,MRK-1007,Pulmocare,North America,67594,5295059.9
2024-11-01,MRK-1007,Pulmocare,EMEA,32591,4961159.84
2024-11-01,MRK-1007,Pulmocare,APAC,75525,4250138.07
2024-11-01,MRK-1007,Pulmocare,Latin America,21609,2158588.29
2024-11-01,MRK-1008,Dermalyx,North America,59133,8163677.28
2024-11-01,MRK-1008,Dermalyx,EMEA,71321,15031210.66
2024-11-01,MRK-1008,Dermalyx,APAC,16018,493730.27
2024-11-01,MRK-1008,Dermalyx,Latin America,47919,10202855.7
2024-12-01,MRK-1001,Cardiozin,North America,52067,8336831.81
2024-12-01,MRK-1001,Cardiozin,EMEA,53415,4394500.38
2024-12-01,MRK-1001,Cardiozin,APAC,14045,2323530.71
2024-12-01,MRK-1001,Cardiozin,Latin America,26566,5148039.48
2024-12-01,MRK-1002,Oncavera,North America,54740,4092417.14
2024-12-01,MRK-1002,Oncavera,EMEA,56311,11463137.31
2024-12-01,MRK-1002,Oncavera,APAC,51389,8158913.31
2024-12-01,MRK-1002,Oncavera,Latin America,28067,2166292.0
2024-12-01,MRK-1003,Immunext,North America,19057,3348934.24
2024-12-01,MRK-1003,Immunext,EMEA,54386,2937637.27
2024-12-01,MRK-1003,Immunext,APAC,19525,2973591.32
2024-12-01,MRK-1003,Immunext,Latin America,66983,5808337.69
2024-12-01,MRK-1004,Glucostat,North America,43788,5751373.69
2024-12-01,MRK-1004,Glucostat,EMEA,58312,3223993.8
2024-12-01,MRK-1004,Glucostat,APAC,44331,8694822.95
2024-12-01,MRK-1004,Glucostat,Latin America,53697,5741266.93
2024-12-01,MRK-1005,Neuroplex,North America,17008,3133065.01
2024-12-01,MRK-1005,Neuroplex,EMEA,47711,1861591.96
2024-12-01,MRK-1005,Neuroplex,APAC,14653,2723182.42
2024-12-01,MRK-1005,Neuroplex,Latin America,48117,10183263.71
2024-12-01,MRK-1006,Vaxishield,North America,49737,8773725.75
2024-12-01,MRK-1006,Vaxishield,EMEA,57788,11944190.71
2024-12-01,MRK-1006,Vaxishield,APAC,51110,1897755.93
2024-12-01,MRK-1006,Vaxishield,Latin America,20310,565061.77
2024-12-01,MRK-1007,Pulmocare,North America,31503,2046193.85
2024-12-01,MRK-1007,Pulmocare,EMEA,15911,3393975.92
2024-12-01,MRK-1007,Pulmocare,APAC,52908,3288360.64
2024-12-01,MRK-1007,Pulmocare,Latin America,45834,4012954.56
2024-12-01,MRK-1008,Dermalyx,North America,58953,10118035.59
2024-12-01,MRK-1008,Dermalyx,EMEA,49912,2809058.62
2024-12-01,MRK-1008,Dermalyx,APAC,69998,10602374.27
2024-12-01,MRK-1008,Dermalyx,Latin America,63889,10937925.63
2025-01-01,MRK-1001,Cardiozin,North America,26247,1631631.32
2025-01-01,MRK-1001,Cardiozin,EMEA,68221,7670316.43
2025-01-01,MRK-1001,Cardiozin,APAC,56020,10445866.29
2025-01-01,MRK-1001,Cardiozin,Latin America,46508,603870.46
2025-01-01,MRK-1002,Oncavera,North America,50700,9966102.52
2025-01-01,MRK-1002,Oncavera,EMEA,36072,2250463.32
2025-01-01,MRK-1002,Oncavera,APAC,15453,689503.87
2025-01-01,MRK-1002,Oncavera,Latin America,68463,11799327.53
2025-01-01,MRK-1003,Immunext,North America,55405,11830836.82
2025-01-01,MRK-1003,Immunext,EMEA,42637,4795755.88
2025-01-01,MRK-1003,Immunext,APAC,15617,2183521.81
2025-01-01,MRK-1003,Immunext,Latin America,42031,6868986.7
2025-01-01,MRK-1004,Glucostat,North America,37053,3223679.25
2025-01-01,MRK-1004,Glucostat,EMEA,25996,3282184.03
2025-01-01,MRK-1004,Glucostat,APAC,47530,6962676.47
2025-01-01,MRK-1004,Glucostat,Latin America,13310,1294429.12
2025-01-01,MRK-1005,Neuroplex,North America,57553,7030568.57
2025-01-01,MRK-1005,Neuroplex,EMEA,76295,12298301.54
2025-01-01,MRK-1005,Neuroplex,APAC,25619,3946249.42
2025-01-01,MRK-1005,Neuroplex,Latin America,10599,1961334.94
2025-01-01,MRK-1006,Vaxishield,North America,11543,1211781.13
2025-01-01,MRK-1006,Vaxishield,EMEA,49960,6005138.12
2025-01-01,MRK-1006,Vaxishield,APAC,49058,5814359.43
2025-01-01,MRK-1006,Vaxishield,Latin America,67042,10636222.52
2025-01-01,MRK-1007,Pulmocare,North America,51612,3032598.06
2025-01-01,MRK-1007,Pulmocare,EMEA,56456,8971458.82
2025-01-01,MRK-1007,Pulmocare,APAC,48768,2964718.96
2025-01-01,MRK-1007,Pulmocare,Latin America,53755,2373095.96
2025-01-01,MRK-1008,Dermalyx,North America,44230,5054393.98
2025-01-01,MRK-1008,Dermalyx,EMEA,39690,7619218.92
2025-01-01,MRK-1008,Dermalyx,APAC,25258,3537728.12
2025-01-01,MRK-1008,Dermalyx,Latin America,42705,7604744.9
2025-02-01,MRK-1001,Cardiozin,North America,31504,5699433.13
2025-02-01,MRK-1001,Cardiozin,EMEA,41807,1660247.44
2025-02-01,MRK-1001,Cardiozin,APAC,36627,5597052.48
2025-02-01,MRK-1001,Cardiozin,Latin America,48361,5708768.89
2025-02-01,MRK-1002,Oncavera,North America,43587,9570424.47
2025-02-01,MRK-1002,Oncavera,EMEA,42703,5640985.83
2025-02-01,MRK-1002,Oncavera,APAC,10584,553721.48
2025-02-01,MRK-1002,Oncavera,Latin America,18513,3128652.15
2025-02-01,MRK-1003,Immunext,North America,37204,7991176.09
2025-02-01,MRK-1003,Immunext,EMEA,25814,623054.39
2025-02-01,MRK-1003,Immunext,APAC,58805,5462956.5
2025-02-01,MRK-1003,Immunext,Latin America,32850,2753656.49
2025-02-01,MRK-1004,Glucostat,North America,42909,9015564.06
2025-02-01,MRK-1004,Glucostat,EMEA,9279,1292117.72
2025-02-01,MRK-1004,Glucostat,APAC,12644,2779299.11
2025-02-01,MRK-1004,Glucostat,Latin America,67922,12400087.92
2025-02-01,MRK-1005,Neuroplex,North America,13372,2197657.21
2025-02-01,MRK-1005,Neuroplex,EMEA,14666,1495896.09
2025-02-01,MRK-1005,Neuroplex,APAC,56138,2407477.56
2025-02-01,MRK-1005,Neuroplex,Latin America,65673,7326232.12
2025-02-01,MRK-1006,Vaxishield,North America,31549,5025211.88
2025-02-01,MRK-1006,Vaxishield,EMEA,61474,8830027.08
2025-02-01,MRK-1006,Vaxishield,APAC,11556,287334.68
2025-02-01,MRK-1006,Vaxishield,Latin America,27701,2633911.14
2025-02-01,MRK-1007,Pulmocare,North America,45773,6266308.19
2025-02-01,MRK-1007,Pulmocare,EMEA,18036,2064290.96
2025-02-01,MRK-1007,Pulmocare,APAC,26742,1041329.26
2025-02-01,MRK-1007,Pulmocare,Latin America,36888,5791697.28
2025-02-01,MRK-1008,Dermalyx,North America,61384,7371247.27
2025-02-01,MRK-1008,Dermalyx,EMEA,68855,12754914.48
2025-02-01,MRK-1008,Dermalyx,APAC,51892,7899375.77
2025-02-01,MRK-1008,Dermalyx,Latin America,60558,8029013.1
2025-03-01,MRK-1001,Cardiozin,North America,24453,4412835.41
2025-03-01,MRK-1001,Cardiozin,EMEA,74038,12181961.47
2025-03-01,MRK-1001,Cardiozin,APAC,14585,195969.44
2025-03-01,MRK-1001,Cardiozin,Latin America,35920,1496268.6
2025-03-01,MRK-1002,Oncavera,North America,11135,607059.09
2025-03-01,MRK-1002,Oncavera,EMEA,29934,1588981.89
2025-03-01,MRK-1002,Oncavera,APAC,63570,3363094.89
2025-03-01,MRK-1002,Oncavera,Latin America,51943,6429529.46
2025-03-01,MRK-1003,Immunext,North America,28431,3495364.95
2025-03-01,MRK-1003,Immunext,EMEA,56808,9733315.89
2025-03-01,MRK-1003,Immunext,APAC,32976,4824365.65
2025-03-01,MRK-1003,Immunext,Latin America,65346,13314866.35
2025-03-01,MRK-1004,Glucostat,North America,24832,2570031.01
2025-03-01,MRK-1004,Glucostat,EMEA,66935,9737520.59
2025-03-01,MRK-1004,Glucostat,APAC,60833,9302982.5
2025-03-01,MRK-1004,Glucostat,Latin America,42174,5518227.59
2025-03-01,MRK-1005,Neuroplex,North America,10467,2071191.63
2025-03-01,MRK-1005,Neuroplex,EMEA,41558,3055544.4
2025-03-01,MRK-1005,Neuroplex,APAC,41287,3133268.09
2025-03-01,MRK-1005,Neuroplex,Latin America,67935,2851131.86
2025-03-01,MRK-1006,Vaxishield,North America,59150,9281787.35
2025-03-01,MRK-1006,Vaxishield,EMEA,49797,7026884.74
2025-03-01,MRK-1006,Vaxishield,APAC,28863,527166.08
2025-03-01,MRK-1006,Vaxishield,Latin America,19075,2725468.59
2025-03-01,MRK-1007,Pulmocare,North America,59292,12670829.64
2025-03-01,MRK-1007,Pulmocare,EMEA,49113,5925881.59
2025-03-01,MRK-1007,Pulmocare,APAC,24459,1631889.39
2025-03-01,MRK-1007,Pulmocare,Latin America,57706,12599834.62
2025-03-01,MRK-1008,Dermalyx,North America,49616,987723.45
2025-03-01,MRK-1008,Dermalyx,EMEA,59305,11939111.2
2025-03-01,MRK-1008,Dermalyx,APAC,61889,9394941.41
2025-03-01,MRK-1008,Dermalyx,Latin America,69338,3878434.4
2025-04-01,MRK-1001,Cardiozin,North America,12238,752743.24
2025-04-01,MRK-1001,Cardiozin,EMEA,44303,3979261.46
2025-04-01,MRK-1001,Cardiozin,APAC,65115,6478032.73
2025-04-01,MRK-1001,Cardiozin,Latin America,36908,6426070.37
2025-04-01,MRK-1002,Oncavera,North America,71494,1301871.02
2025-04-01,MRK-1002,Oncavera,EMEA,39273,4032146.07
2025-04-01,MRK-1002,Oncavera,APAC,76277,11217668.47
2025-04-01,MRK-1002,Oncavera,Latin America,61503,10555263.75
2025-04-01,MRK-1003,Immunext,North America,44938,2625099.65
2025-04-01,MRK-1003,Immunext,EMEA,40458,4449348.31
2025-04-01,MRK-1003,Immunext,APAC,61232,8083680.82
2025-04-01,MRK-1003,Immunext,Latin America,29710,1236048.5
2025-04-01,MRK-1004,Glucostat,North America,69241,9697386.54
2025-04-01,MRK-1004,Glucostat,EMEA,10971,659039.81
2025-04-01,MRK-1004,Glucostat,APAC,32812,1394522.0
2025-04-01,MRK-1004,Glucostat,Latin America,23013,1007104.6
2025-04-01,MRK-1005,Neuroplex,North America,52042,8844510.66
2025-04-01,MRK-1005,Neuroplex,EMEA,58847,6113460.1
2025-04-01,MRK-1005,Neuroplex,APAC,58130,12616759.15
2025-04-01,MRK-1005,Neuroplex,Latin America,53204,3484413.9
2025-04-01,MRK-1006,Vaxishield,North America,54547,3933837.87
2025-04-01,MRK-1006,Vaxishield,EMEA,49771,4198492.33
2025-04-01,MRK-1006,Vaxishield,APAC,35386,3477371.37
2025-04-01,MRK-1006,Vaxishield,Latin America,61416,9077714.02
2025-04-01,MRK-1007,Pulmocare,North America,42978,1036080.26
2025-04-01,MRK-1007,Pulmocare,EMEA,12208,282538.0
2025-04-01,MRK-1007,Pulmocare,APAC,18226,278231.51
2025-04-01,MRK-1007,Pulmocare,Latin America,42086,8733814.81
2025-04-01,MRK-1008,Dermalyx,North America,38331,2225537.91
2025-04-01,MRK-1008,Dermalyx,EMEA,24819,2109421.28
2025-04-01,MRK-1008,Dermalyx,APAC,45028,2459278.71
2025-04-01,MRK-1008,Dermalyx,Latin America,26089,1235639.37
2025-05-01,MRK-1001,Cardiozin,North America,35456,7196498.28
2025-05-01,MRK-1001,Cardiozin,EMEA,55110,3112394.14
2025-05-01,MRK-1001,Cardiozin,APAC,51083,7705697.27
2025-05-01,MRK-1001,Cardiozin,Latin America,15129,2007529.7
2025-05-01,MRK-1002,Oncavera,North America,9279,694919.61
2025-05-01,MRK-1002,Oncavera,EMEA,42478,6871218.95
2025-05-01,MRK-1002,Oncavera,APAC,75698,7873496.66
2025-05-01,MRK-1002,Oncavera,Latin America,80812,3562548.5
2025-05-01,MRK-1003,Immunext,North America,67406,7079854.56
2025-05-01,MRK-1003,Immunext,EMEA,61018,8701993.47
2025-05-01,MRK-1003,Immunext,APAC,43788,5207811.56
2025-05-01,MRK-1003,Immunext,Latin America,63375,13144265.54
2025-05-01,MRK-1004,Glucostat,North America,39516,7008224.21
2025-05-01,MRK-1004,Glucostat,EMEA,65336,9901424.0
2025-05-01,MRK-1004,Glucostat,APAC,51825,1664583.65
2025-05-01,MRK-1004,Glucostat,Latin America,70910,11282464.6
2025-05-01,MRK-1005,Neuroplex,North America,64971,13612341.12
2025-05-01,MRK-1005,Neuroplex,EMEA,29297,2484809.11
2025-05-01,MRK-1005,Neuroplex,APAC,29978,4822880.59
2025-05-01,MRK-1005,Neuroplex,Latin America,55372,10285983.14
2025-05-01,MRK-1006,Vaxishield,North America,46481,8222359.47
2025-05-01,MRK-1006,Vaxishield,EMEA,30633,3805503.04
2025-05-01,MRK-1006,Vaxishield,APAC,15757,2628167.72
2025-05-01,MRK-1006,Vaxishield,Latin America,73747,5879187.32
2025-05-01,MRK-1007,Pulmocare,North America,56613,1032555.65
2025-05-01,MRK-1007,Pulmocare,EMEA,43227,3618630.22
2025-05-01,MRK-1007,Pulmocare,APAC,63049,3266414.67
2025-05-01,MRK-1007,Pulmocare,Latin America,35064,5818913.53
2025-05-01,MRK-1008,Dermalyx,North America,57285,6986613.34
2025-05-01,MRK-1008,Dermalyx,EMEA,54751,3349064.49
2025-05-01,MRK-1008,Dermalyx,APAC,29452,5347892.62
2025-05-01,MRK-1008,Dermalyx,Latin America,56747,10352781.95
2025-06-01,MRK-1001,Cardiozin,North America,61753,3493919.46
2025-06-01,MRK-1001,Cardiozin,EMEA,20054,3356168.07
2025-06-01,MRK-1001,Cardiozin,APAC,26086,557624.58
2025-06-01,MRK-1001,Cardiozin,Latin America,70658,9543922.59
2025-06-01,MRK-1002,Oncavera,North America,35196,3301472.9
2025-06-01,MRK-1002,Oncavera,EMEA,65390,3034299.27
2025-06-01,MRK-1002,Oncavera,APAC,39444,6827832.22
2025-06-01,MRK-1002,Oncavera,Latin America,28532,3478195.12
2025-06-01,MRK-1003,Immunext,North America,25553,5604364.58
2025-06-01,MRK-1003,Immunext,EMEA,16884,2611854.92
2025-06-01,MRK-1003,Immunext,APAC,28704,3355957.19
2025-06-01,MRK-1003,Immunext,Latin America,46466,5833691.99
2025-06-01,MRK-1004,Glucostat,North America,32814,3257720.38
2025-06-01,MRK-1004,Glucostat,EMEA,42792,519661.27
2025-06-01,MRK-1004,Glucostat,APAC,14116,791667.8
2025-06-01,MRK-1004,Glucostat,Latin America,45461,3157292.37
2025-06-01,MRK-1005,Neuroplex,North America,57374,2150683.91
2025-06-01,MRK-1005,Neuroplex,EMEA,18186,1829767.71
2025-06-01,MRK-1005,Neuroplex,APAC,17912,3242033.54
2025-06-01,MRK-1005,Neuroplex,Latin America,62912,3865934.06
2025-06-01,MRK-1006,Vaxishield,North America,68218,6566157.79
2025-06-01,MRK-1006,Vaxishield,EMEA,37131,4703005.8
2025-06-01,MRK-1006,Vaxishield,APAC,50517,8076610.72
2025-06-01,MRK-1006,Vaxishield,Latin America,67055,8657472.86
2025-06-01,MRK-1007,Pulmocare,North America,14242,2504717.91
2025-06-01,MRK-1007,Pulmocare,EMEA,34093,4104654.99
2025-06-01,MRK-1007,Pulmocare,APAC,25808,2310947.06
2025-06-01,MRK-1007,Pulmocare,Latin America,49359,7929372.63
2025-06-01,MRK-1008,Dermalyx,North America,10750,353532.82
2025-06-01,MRK-1008,Dermalyx,EMEA,33227,2580273.01
2025-06-01,MRK-1008,Dermalyx,APAC,10457,489480.22
2025-06-01,MRK-1008,Dermalyx,Latin America,47781,2491719.81
2025-07-01,MRK-1001,Cardiozin,North America,19445,4243594.66
2025-07-01,MRK-1001,Cardiozin,EMEA,18032,907852.89
2025-07-01,MRK-1001,Cardiozin,APAC,37869,7198114.13
2025-07-01,MRK-1001,Cardiozin,Latin America,49470,1546909.94
2025-07-01,MRK-1002,Oncavera,North America,14436,1328566.99
2025-07-01,MRK-1002,Oncavera,EMEA,20279,2764623.56
2025-07-01,MRK-1002,Oncavera,APAC,78163,10341501.54
2025-07-01,MRK-1002,Oncavera,Latin America,40245,5718743.71
2025-07-01,MRK-1003,Immunext,North America,14323,2784880.11
2025-07-01,MRK-1003,Immunext,EMEA,56258,1785453.86
2025-07-01,MRK-1003,Immunext,APAC,66350,3868412.89
2025-07-01,MRK-1003,Immunext,Latin America,51099,6270306.99
2025-07-01,MRK-1004,Glucostat,North America,41172,7301866.62
2025-07-01,MRK-1004,Glucostat,EMEA,51202,697353.78
2025-07-01,MRK-1004,Glucostat,APAC,31359,4357223.24
2025-07-01,MRK-1004,Glucostat,Latin America,24730,3934150.95
2025-07-01,MRK-1005,Neuroplex,North America,62069,12456741.21
2025-07-01,MRK-1005,Neuroplex,EMEA,46999,732841.23
2025-07-01,MRK-1005,Neuroplex,APAC,78661,2603202.65
2025-07-01,MRK-1005,Neuroplex,Latin America,22844,4849107.24
2025-07-01,MRK-1006,Vaxishield,North America,20397,559672.49
2025-07-01,MRK-1006,Vaxishield,EMEA,53819,4597595.24
2025-07-01,MRK-1006,Vaxishield,APAC,15850,2044773.94
2025-07-01,MRK-1006,Vaxishield,Latin America,85850,15465077.27
2025-07-01,MRK-1007,Pulmocare,North America,12743,2654152.97
2025-07-01,MRK-1007,Pulmocare,EMEA,55882,10815328.35
2025-07-01,MRK-1007,Pulmocare,APAC,43869,5052548.67
2025-07-01,MRK-1007,Pulmocare,Latin America,40196,3704231.3
2025-07-01,MRK-1008,Dermalyx,North America,34045,4238856.8
2025-07-01,MRK-1008,Dermalyx,EMEA,18714,490400.41
2025-07-01,MRK-1008,Dermalyx,APAC,28957,5799044.82
2025-07-01,MRK-1008,Dermalyx,Latin America,79512,3125784.32
2025-08-01,MRK-1001,Cardiozin,North America,26153,5301338.8
2025-08-01,MRK-1001,Cardiozin,EMEA,70930,15555042.12
2025-08-01,MRK-1001,Cardiozin,APAC,16255,1646629.16
2025-08-01,MRK-1001,Cardiozin,Latin America,18576,872102.58
2025-08-01,MRK-1002,Oncavera,North America,42406,932838.18
2025-08-01,MRK-1002,Oncavera,EMEA,59918,1739342.14
2025-08-01,MRK-1002,Oncavera,APAC,65328,2574316.04
2025-08-01,MRK-1002,Oncavera,Latin America,69711,12145190.86
2025-08-01,MRK-1003,Immunext,North America,70890,13291967.35
2025-08-01,MRK-1003,Immunext,EMEA,31000,754284.44
2025-08-01,MRK-1003,Immunext,APAC,57841,11218948.0
2025-08-01,MRK-1003,Immunext,Latin America,53536,7110025.42
2025-08-01,MRK-1004,Glucostat,North America,17669,1789370.3
2025-08-01,MRK-1004,Glucostat,EMEA,18360,3239957.46
2025-08-01,MRK-1004,Glucostat,APAC,43841,5997748.8
2025-08-01,MRK-1004,Glucostat,Latin America,71190,8330526.55
2025-08-01,MRK-1005,Neuroplex,North America,20304,3815735.59
2025-08-01,MRK-1005,Neuroplex,EMEA,79628,7363666.27
2025-08-01,MRK-1005,Neuroplex,APAC,67540,6493887.27
2025-08-01,MRK-1005,Neuroplex,Latin America,35997,3122254.59
2025-08-01,MRK-1006,Vaxishield,North America,17407,444596.64
2025-08-01,MRK-1006,Vaxishield,EMEA,31585,5586191.21
2025-08-01,MRK-1006,Vaxishield,APAC,18016,1733665.77
2025-08-01,MRK-1006,Vaxishield,Latin America,18167,3775399.56
2025-08-01,MRK-1007,Pulmocare,North America,86070,1271464.84
2025-08-01,MRK-1007,Pulmocare,EMEA,42410,7917338.01
2025-08-01,MRK-1007,Pulmocare,APAC,79287,2194534.02
2025-08-01,MRK-1007,Pulmocare,Latin America,20048,1310820.6
2025-08-01,MRK-1008,Dermalyx,North America,63619,11889264.27
2025-08-01,MRK-1008,Dermalyx,EMEA,55305,4410138.1
2025-08-01,MRK-1008,Dermalyx,APAC,38341,698040.85
2025-08-01,MRK-1008,Dermalyx,Latin America,59876,9188675.09
2025-09-01,MRK-1001,Cardiozin,North America,44299,8166784.21
2025-09-01,MRK-1001,Cardiozin,EMEA,15541,1524664.55
2025-09-01,MRK-1001,Cardiozin,APAC,45419,3022786.53
2025-09-01,MRK-1001,Cardiozin,Latin America,61255,7838213.42
2025-09-01,MRK-1002,Oncavera,North America,70728,8886793.84
2025-09-01,MRK-1002,Oncavera,EMEA,67299,9960463.18
2025-09-01,MRK-1002,Oncavera,APAC,23175,3210776.42
2025-09-01,MRK-1002,Oncavera,Latin America,35126,1466848.97
2025-09-01,MRK-1003,Immunext,North America,12620,913612.57
2025-09-01,MRK-1003,Immunext,EMEA,65277,6799057.78
2025-09-01,MRK-1003,Immunext,APAC,37863,7132562.87
2025-09-01,MRK-1003,Immunext,Latin America,69550,8554652.53
2025-09-01,MRK-1004,Glucostat,North America,76114,7096196.35
2025-09-01,MRK-1004,Glucostat,EMEA,55823,10033391.5
2025-09-01,MRK-1004,Glucostat,APAC,17456,1628211.75
2025-09-01,MRK-1004,Glucostat,Latin America,39821,4580879.02
2025-09-01,MRK-1005,Neuroplex,North America,66834,6374471.76
2025-09-01,MRK-1005,Neuroplex,EMEA,36323,5515196.49
2025-09-01,MRK-1005,Neuroplex,APAC,54417,4276909.93
2025-09-01,MRK-1005,Neuroplex,Latin America,25420,5413089.86
2025-09-01,MRK-1006,Vaxishield,North America,51174,1992268.26
2025-09-01,MRK-1006,Vaxishield,EMEA,49145,1456603.22
2025-09-01,MRK-1006,Vaxishield,APAC,48387,1960542.21
2025-09-01,MRK-1006,Vaxishield,Latin America,48992,5024636.16
2025-09-01,MRK-1007,Pulmocare,North America,41033,5585696.55
2025-09-01,MRK-1007,Pulmocare,EMEA,40910,7946149.18
2025-09-01,MRK-1007,Pulmocare,APAC,68347,15006797.22
2025-09-01,MRK-1007,Pulmocare,Latin America,56193,8277066.93
2025-09-01,MRK-1008,Dermalyx,North America,38491,3492042.64
2025-09-01,MRK-1008,Dermalyx,EMEA,84373,9630575.34
2025-09-01,MRK-1008,Dermalyx,APAC,15533,697315.41
2025-09-01,MRK-1008,Dermalyx,Latin America,61139,12838203.62
2025-10-01,MRK-1001,Cardiozin,North America,68805,14247093.9
2025-10-01,MRK-1001,Cardiozin,EMEA,33685,1660561.96
2025-10-01,MRK-1001,Cardiozin,APAC,22404,1860580.22
2025-10-01,MRK-1001,Cardiozin,Latin America,15045,182691.94
2025-10-01,MRK-1002,Oncavera,North America,54862,10217423.66
2025-10-01,MRK-1002,Oncavera,EMEA,43459,8463317.71
2025-10-01,MRK-1002,Oncavera,APAC,20399,1780604.88
2025-10-01,MRK-1002,Oncavera,Latin America,45864,7921843.25
2025-10-01,MRK-1003,Immunext,North America,36962,7425816.43
2025-10-01,MRK-1003,Immunext,EMEA,45551,2434125.4
2025-10-01,MRK-1003,Immunext,APAC,66292,2436736.19
2025-10-01,MRK-1003,Immunext,Latin America,44897,694328.53
2025-10-01,MRK-1004,Glucostat,North America,69344,4148615.17
2025-10-01,MRK-1004,Glucostat,EMEA,34375,1480874.53
2025-10-01,MRK-1004,Glucostat,APAC,80014,3016891.65
2025-10-01,MRK-1004,Glucostat,Latin America,24950,5080873.27
2025-10-01,MRK-1005,Neuroplex,North America,35005,6893675.62
2025-10-01,MRK-1005,Neuroplex,EMEA,19076,3374710.74
2025-10-01,MRK-1005,Neuroplex,APAC,68861,10002779.81
2025-10-01,MRK-1005,Neuroplex,Latin America,12010,2161183.56
2025-10-01,MRK-1006,Vaxishield,North America,82981,9375137.27
2025-10-01,MRK-1006,Vaxishield,EMEA,67346,13512451.31
2025-10-01,MRK-1006,Vaxishield,APAC,79986,14982074.08
2025-10-01,MRK-1006,Vaxishield,Latin America,53747,7260257.73
2025-10-01,MRK-1007,Pulmocare,North America,73931,14325249.9
2025-10-01,MRK-1007,Pulmocare,EMEA,21022,674955.98
2025-10-01,MRK-1007,Pulmocare,APAC,51945,2214553.83
2025-10-01,MRK-1007,Pulmocare,Latin America,48492,6862754.38
2025-10-01,MRK-1008,Dermalyx,North America,73702,14699854.44
2025-10-01,MRK-1008,Dermalyx,EMEA,56442,1957535.57
2025-10-01,MRK-1008,Dermalyx,APAC,12661,2269304.98
2025-10-01,MRK-1008,Dermalyx,Latin America,25017,4783130.23
2025-11-01,MRK-1001,Cardiozin,North America,43716,3650773.71
2025-11-01,MRK-1001,Cardiozin,EMEA,81106,11374534.73
2025-11-01,MRK-1001,Cardiozin,APAC,33944,5203302.9
2025-11-01,MRK-1001,Cardiozin,Latin America,52339,5545053.86
2025-11-01,MRK-1002,Oncavera,North America,40185,7727699.67
2025-11-01,MRK-1002,Oncavera,EMEA,79513,12568815.87
2025-11-01,MRK-1002,Oncavera,APAC,60122,2518562.62
2025-11-01,MRK-1002,Oncavera,Latin America,60707,11132736.23
2025-11-01,MRK-1003,Immunext,North America,35513,2608392.59
2025-11-01,MRK-1003,Immunext,EMEA,63236,4993202.58
2025-11-01,MRK-1003,Immunext,APAC,16488,3281104.66
2025-11-01,MRK-1003,Immunext,Latin America,83866,10724493.03
2025-11-01,MRK-1004,Glucostat,North America,12237,989639.11
2025-11-01,MRK-1004,Glucostat,EMEA,39263,3218512.36
2025-11-01,MRK-1004,Glucostat,APAC,72332,8800750.97
2025-11-01,MRK-1004,Glucostat,Latin America,54623,2460125.38
2025-11-01,MRK-1005,Neuroplex,North America,59212,5596463.78
2025-11-01,MRK-1005,Neuroplex,EMEA,45038,7178471.32
2025-11-01,MRK-1005,Neuroplex,APAC,61325,7700227.47
2025-11-01,MRK-1005,Neuroplex,Latin America,40561,6449523.63
2025-11-01,MRK-1006,Vaxishield,North America,57284,1629061.26
2025-11-01,MRK-1006,Vaxishield,EMEA,17098,2430650.04
2025-11-01,MRK-1006,Vaxishield,APAC,16820,2594905.29
2025-11-01,MRK-1006,Vaxishield,Latin America,84336,16998055.41
2025-11-01,MRK-1007,Pulmocare,North America,67699,3481969.27
2025-11-01,MRK-1007,Pulmocare,EMEA,76883,12266249.59
2025-11-01,MRK-1007,Pulmocare,APAC,19308,2868912.69
2025-11-01,MRK-1007,Pulmocare,Latin America,32943,5273167.82
2025-11-01,MRK-1008,Dermalyx,North America,39342,6939664.05
2025-11-01,MRK-1008,Dermalyx,EMEA,10720,1545809.33
2025-11-01,MRK-1008,Dermalyx,APAC,41437,1200714.27
2025-11-01,MRK-1008,Dermalyx,Latin America,49330,2052424.8
2025-12-01,MRK-1001,Cardiozin,North America,63534,5809920.87
2025-12-01,MRK-1001,Cardiozin,EMEA,63513,6857057.16
2025-12-01,MRK-1001,Cardiozin,APAC,24734,1395368.04
2025-12-01,MRK-1001,Cardiozin,Latin America,61383,11591713.03
2025-12-01,MRK-1002,Oncavera,North America,17467,2692943.83
2025-12-01,MRK-1002,Oncavera,EMEA,27202,4958572.83
2025-12-01,MRK-1002,Oncavera,APAC,82317,10929286.47
2025-12-01,MRK-1002,Oncavera,Latin America,59592,6071489.02
2025-12-01,MRK-1003,Immunext,North America,12658,394737.91
2025-12-01,MRK-1003,Immunext,EMEA,75861,4161168.57
2025-12-01,MRK-1003,Immunext,APAC,29438,2156466.12
2025-12-01,MRK-1003,Immunext,Latin America,51757,4542902.76
2025-12-01,MRK-1004,Glucostat,North America,71129,6119692.23
2025-12-01,MRK-1004,Glucostat,EMEA,44183,6291436.95
2025-12-01,MRK-1004,Glucostat,APAC,56138,6588938.01
2025-12-01,MRK-1004,Glucostat,Latin America,53541,6341447.34
2025-12-01,MRK-1005,Neuroplex,North America,58602,12843381.61
2025-12-01,MRK-1005,Neuroplex,EMEA,22456,809438.94
2025-12-01,MRK-1005,Neuroplex,APAC,22877,2649644.86
2025-12-01,MRK-1005,Neuroplex,Latin America,43550,4482071.39
2025-12-01,MRK-1006,Vaxishield,North America,58265,2245138.3
2025-12-01,MRK-1006,Vaxishield,EMEA,64257,12365422.6
2025-12-01,MRK-1006,Vaxishield,APAC,30709,1737894.54
2025-12-01,MRK-1006,Vaxishield,Latin America,22497,1342064.14
2025-12-01,MRK-1007,Pulmocare,North America,32337,4132783.26
2025-12-01,MRK-1007,Pulmocare,EMEA,51465,765091.84
2025-12-01,MRK-1007,Pulmocare,APAC,64672,2358791.76
2025-12-01,MRK-1007,Pulmocare,Latin America,65939,12831800.15
2025-12-01,MRK-1008,Dermalyx,North America,42448,5414654.78
2025-12-01,MRK-1008,Dermalyx,EMEA,45488,7387063.48
2025-12-01,MRK-1008,Dermalyx,APAC,10425,1120487.96
2025-12-01,MRK-1008,Dermalyx,Latin America,37759,3682071.23
2026-01-01,MRK-1001,Cardiozin,North America,84313,7206777.32
2026-01-01,MRK-1001,Cardiozin,EMEA,56245,11987590.21
2026-01-01,MRK-1001,Cardiozin,APAC,67044,2746387.56
2026-01-01,MRK-1001,Cardiozin,Latin America,61643,11670251.62
2026-01-01,MRK-1002,Oncavera,North America,22272,3915156.66
2026-01-01,MRK-1002,Oncavera,EMEA,21561,801030.53
2026-01-01,MRK-1002,Oncavera,APAC,30491,5811987.55
2026-01-01,MRK-1002,Oncavera,Latin America,54736,2535747.67
2026-01-01,MRK-1003,Immunext,North America,32352,5519638.55
2026-01-01,MRK-1003,Immunext,EMEA,28311,4510777.55
2026-01-01,MRK-1003,Immunext,APAC,24887,1321319.63
2026-01-01,MRK-1003,Immunext,Latin America,29828,4836905.13
2026-01-01,MRK-1004,Glucostat,North America,56284,12362578.15
2026-01-01,MRK-1004,Glucostat,EMEA,23405,3504888.26
2026-01-01,MRK-1004,Glucostat,APAC,37446,3571765.36
2026-01-01,MRK-1004,Glucostat,Latin America,14611,2872353.36
2026-01-01,MRK-1005,Neuroplex,North America,29713,940599.24
2026-01-01,MRK-1005,Neuroplex,EMEA,58579,11841295.88
2026-01-01,MRK-1005,Neuroplex,APAC,34944,4206510.97
2026-01-01,MRK-1005,Neuroplex,Latin America,62045,12079078.32
2026-01-01,MRK-1006,Vaxishield,North America,19816,4221799.37
2026-01-01,MRK-1006,Vaxishield,EMEA,48218,4103771.53
2026-01-01,MRK-1006,Vaxishield,APAC,28503,1416987.98
2026-01-01,MRK-1006,Vaxishield,Latin America,36386,6108015.49
2026-01-01,MRK-1007,Pulmocare,North America,66063,2006758.4
2026-01-01,MRK-1007,Pulmocare,EMEA,12600,955601.41
2026-01-01,MRK-1007,Pulmocare,APAC,30648,5399294.82
2026-01-01,MRK-1007,Pulmocare,Latin America,49993,1586191.6
2026-01-01,MRK-1008,Dermalyx,North America,74390,6123377.05
2026-01-01,MRK-1008,Dermalyx,EMEA,38293,6338545.19
2026-01-01,MRK-1008,Dermalyx,APAC,67956,10847682.26
2026-01-01,MRK-1008,Dermalyx,Latin America,32211,1504876.7
2026-02-01,MRK-1001,Cardiozin,North America,54557,7166177.83
2026-02-01,MRK-1001,Cardiozin,EMEA,17427,965165.6
2026-02-01,MRK-1001,Cardiozin,APAC,29532,5941682.17
2026-02-01,MRK-1001,Cardiozin,Latin America,57218,6596165.7
2026-02-01,MRK-1002,Oncavera,North America,49203,4967303.82
2026-02-01,MRK-1002,Oncavera,EMEA,51527,4542120.78
2026-02-01,MRK-1002,Oncavera,APAC,70340,9022643.81
2026-02-01,MRK-1002,Oncavera,Latin America,66216,5044895.64
2026-02-01,MRK-1003,Immunext,North America,60480,1643758.07
2026-02-01,MRK-1003,Immunext,EMEA,72374,13122660.0
2026-02-01,MRK-1003,Immunext,APAC,57632,8511687.62
2026-02-01,MRK-1003,Immunext,Latin America,27785,2832109.19
2026-02-01,MRK-1004,Glucostat,North America,21302,1106290.21
2026-02-01,MRK-1004,Glucostat,EMEA,11800,1809553.42
2026-02-01,MRK-1004,Glucostat,APAC,44564,1600567.31
2026-02-01,MRK-1004,Glucostat,Latin America,14580,459957.99
2026-02-01,MRK-1005,Neuroplex,North America,54176,1847539.6
2026-02-01,MRK-1005,Neuroplex,EMEA,9753,741482.34
2026-02-01,MRK-1005,Neuroplex,APAC,24579,2404839.23
2026-02-01,MRK-1005,Neuroplex,Latin America,57999,2581363.99
2026-02-01,MRK-1006,Vaxishield,North America,52210,7182605.23
2026-02-01,MRK-1006,Vaxishield,EMEA,62896,7617428.3
2026-02-01,MRK-1006,Vaxishield,APAC,41506,7209018.5
2026-02-01,MRK-1006,Vaxishield,Latin America,35348,6493705.34
2026-02-01,MRK-1007,Pulmocare,North America,12629,970768.04
2026-02-01,MRK-1007,Pulmocare,EMEA,68635,9429051.71
2026-02-01,MRK-1007,Pulmocare,APAC,44708,9661314.43
2026-02-01,MRK-1007,Pulmocare,Latin America,54905,8213126.67
2026-02-01,MRK-1008,Dermalyx,North America,41849,5838946.17
2026-02-01,MRK-1008,Dermalyx,EMEA,50488,7603078.69
2026-02-01,MRK-1008,Dermalyx,APAC,24824,5346695.46
2026-02-01,MRK-1008,Dermalyx,Latin America,44815,1639317.64
2026-03-01,MRK-1001,Cardiozin,North America,83203,4350159.36
2026-03-01,MRK-1001,Cardiozin,EMEA,33393,1954624.71
2026-03-01,MRK-1001,Cardiozin,APAC,37848,4460567.71
2026-03-01,MRK-1001,Cardiozin,Latin America,57393,5927376.6
2026-03-01,MRK-1002,Oncavera,North America,30148,6075535.79
2026-03-01,MRK-1002,Oncavera,EMEA,52881,1773635.58
2026-03-01,MRK-1002,Oncavera,APAC,73135,6415365.84
2026-03-01,MRK-1002,Oncavera,Latin America,54959,7724872.22
2026-03-01,MRK-1003,Immunext,North America,47328,5164254.41
2026-03-01,MRK-1003,Immunext,EMEA,61432,5025979.58
2026-03-01,MRK-1003,Immunext,APAC,19823,3674701.7
2026-03-01,MRK-1003,Immunext,Latin America,53103,2908196.55
2026-03-01,MRK-1004,Glucostat,North America,80398,14956612.86
2026-03-01,MRK-1004,Glucostat,EMEA,59579,5969469.71
2026-03-01,MRK-1004,Glucostat,APAC,51832,6571236.77
2026-03-01,MRK-1004,Glucostat,Latin America,66590,10309914.41
2026-03-01,MRK-1005,Neuroplex,North America,15584,300243.62
2026-03-01,MRK-1005,Neuroplex,EMEA,43247,6577801.91
2026-03-01,MRK-1005,Neuroplex,APAC,40171,4667811.11
2026-03-01,MRK-1005,Neuroplex,Latin America,59459,11374175.27
2026-03-01,MRK-1006,Vaxishield,North America,67461,4925688.11
2026-03-01,MRK-1006,Vaxishield,EMEA,64617,13084140.6
2026-03-01,MRK-1006,Vaxishield,APAC,52810,3641343.74
2026-03-01,MRK-1006,Vaxishield,Latin America,16670,783306.21
2026-03-01,MRK-1007,Pulmocare,North America,48107,4535892.37
2026-03-01,MRK-1007,Pulmocare,EMEA,47076,9230865.88
2026-03-01,MRK-1007,Pulmocare,APAC,44067,5978209.67
2026-03-01,MRK-1007,Pulmocare,Latin America,36406,6005285.91
2026-03-01,MRK-1008,Dermalyx,North America,67538,11225804.78
2026-03-01,MRK-1008,Dermalyx,EMEA,31794,5799450.53
2026-03-01,MRK-1008,Dermalyx,APAC,50707,8461627.39
2026-03-01,MRK-1008,Dermalyx,Latin America,61862,11153897.49
2026-04-01,MRK-1001,Cardiozin,North America,45896,9210495.36
2026-04-01,MRK-1001,Cardiozin,EMEA,75202,1466770.82
2026-04-01,MRK-1001,Cardiozin,APAC,34425,581497.55
2026-04-01,MRK-1001,Cardiozin,Latin America,47721,5487544.54
2026-04-01,MRK-1002,Oncavera,North America,11580,1485770.8
2026-04-01,MRK-1002,Oncavera,EMEA,71417,8644128.61
2026-04-01,MRK-1002,Oncavera,APAC,29807,4336024.73
2026-04-01,MRK-1002,Oncavera,Latin America,12177,746460.61
2026-04-01,MRK-1003,Immunext,North America,45323,3180260.77
2026-04-01,MRK-1003,Immunext,EMEA,15116,2611338.4
2026-04-01,MRK-1003,Immunext,APAC,11331,1018841.37
2026-04-01,MRK-1003,Immunext,Latin America,28526,4670122.9
2026-04-01,MRK-1004,Glucostat,North America,44462,5900638.53
2026-04-01,MRK-1004,Glucostat,EMEA,58190,2161179.57
2026-04-01,MRK-1004,Glucostat,APAC,42969,3223204.53
2026-04-01,MRK-1004,Glucostat,Latin America,15577,2444008.04
2026-04-01,MRK-1005,Neuroplex,North America,74197,1340629.61
2026-04-01,MRK-1005,Neuroplex,EMEA,26726,628472.99
2026-04-01,MRK-1005,Neuroplex,APAC,38135,1150575.41
2026-04-01,MRK-1005,Neuroplex,Latin America,38080,2187013.16
2026-04-01,MRK-1006,Vaxishield,North America,79786,5231895.82
2026-04-01,MRK-1006,Vaxishield,EMEA,17051,367364.29
2026-04-01,MRK-1006,Vaxishield,APAC,24839,2403996.7
2026-04-01,MRK-1006,Vaxishield,Latin America,57981,6146378.67
2026-04-01,MRK-1007,Pulmocare,North America,29599,1599379.74
2026-04-01,MRK-1007,Pulmocare,EMEA,42656,4657781.53
2026-04-01,MRK-1007,Pulmocare,APAC,35738,5570290.63
2026-04-01,MRK-1007,Pulmocare,Latin America,52253,10015016.46
2026-04-01,MRK-1008,Dermalyx,North America,34962,2007846.27
2026-04-01,MRK-1008,Dermalyx,EMEA,25213,5040412.07
2026-04-01,MRK-1008,Dermalyx,APAC,72524,9474410.43
2026-04-01,MRK-1008,Dermalyx,Latin America,20411,1670033.36
2026-05-01,MRK-1001,Cardiozin,North America,14113,2249783.6
2026-05-01,MRK-1001,Cardiozin,EMEA,39266,7153387.47
2026-05-01,MRK-1001,Cardiozin,APAC,16495,270498.98
2026-05-01,MRK-1001,Cardiozin,Latin America,52076,1111483.69
2026-05-01,MRK-1002,Oncavera,North America,22764,3502669.5
2026-05-01,MRK-1002,Oncavera,EMEA,21907,2047909.15
2026-05-01,MRK-1002,Oncavera,APAC,39470,5332989.58
2026-05-01,MRK-1002,Oncavera,Latin America,61072,8784614.44
2026-05-01,MRK-1003,Immunext,North America,26043,5706952.39
2026-05-01,MRK-1003,Immunext,EMEA,14322,1444232.91
2026-05-01,MRK-1003,Immunext,APAC,28125,5540761.89
2026-05-01,MRK-1003,Immunext,Latin America,68720,6130552.04
2026-05-01,MRK-1004,Glucostat,North America,56757,6915603.4
2026-05-01,MRK-1004,Glucostat,EMEA,38012,637415.41
2026-05-01,MRK-1004,Glucostat,APAC,45733,6909604.13
2026-05-01,MRK-1004,Glucostat,Latin America,78456,3934732.09
2026-05-01,MRK-1005,Neuroplex,North America,68140,7441376.74
2026-05-01,MRK-1005,Neuroplex,EMEA,62340,6847251.51
2026-05-01,MRK-1005,Neuroplex,APAC,52148,1281600.41
2026-05-01,MRK-1005,Neuroplex,Latin America,64620,8057100.36
2026-05-01,MRK-1006,Vaxishield,North America,28690,3923086.61
2026-05-01,MRK-1006,Vaxishield,EMEA,69617,6614894.46
2026-05-01,MRK-1006,Vaxishield,APAC,26866,3507543.07
2026-05-01,MRK-1006,Vaxishield,Latin America,48990,5292777.22
2026-05-01,MRK-1007,Pulmocare,North America,66055,8874881.39
2026-05-01,MRK-1007,Pulmocare,EMEA,81303,2708238.76
2026-05-01,MRK-1007,Pulmocare,APAC,31664,6368236.83
2026-05-01,MRK-1007,Pulmocare,Latin America,44288,9146189.93
2026-05-01,MRK-1008,Dermalyx,North America,40342,8175976.44
2026-05-01,MRK-1008,Dermalyx,EMEA,12034,1369108.11
2026-05-01,MRK-1008,Dermalyx,APAC,13042,1860016.77
2026-05-01,MRK-1008,Dermalyx,Latin America,73779,6461561.82
